<?xml version="1.0" encoding="utf-8"?>
<feed xmlns="http://www.w3.org/2005/Atom">

  <title><![CDATA[Category: Other | Felixmao的技术博客]]></title>
  <link href="http://my.seevstudio.com/blog/categories/other/atom.xml" rel="self"/>
  <link href="http://my.seevstudio.com/"/>
  <updated>2014-04-24T15:34:11+08:00</updated>
  <id>http://my.seevstudio.com/</id>
  <author>
    <name><![CDATA[Felixmao]]></name>
    
  </author>
  <generator uri="http://octopress.org/">Octopress</generator>

  
  <entry>
    <title type="html"><![CDATA[第一篇博客--七夕情人节]]></title>
    <link href="http://my.seevstudio.com/blog/2013/08/13/qi-xi-qing-ren-jie-ge-ren-bo-ke-dan-sheng/"/>
    <updated>2013-08-13T12:48:00+08:00</updated>
    <id>http://my.seevstudio.com/blog/2013/08/13/qi-xi-qing-ren-jie-ge-ren-bo-ke-dan-sheng</id>
    <content type="html"><![CDATA[<h2>引言</h2>

<p>8月13日就是七夕情人节了，你想好怎么向心爱的人表白了么？你知道怎么营造告白的气氛么？表白是一件有艺术活，好策略才能事半功倍。</p>

<p>七夕了，想必许多男同胞都在过这个中国特色情人节了，准备的什么礼物呢？怎么过的呢？去海风习习的沙滩？还是去吃一顿浪漫的烛光晚餐？这是大多数男生都能享受的时刻，却是创业者心里最心酸的时候，没女友没老婆的只能左手拉右手，有女友没时间的只能两眼泪汪汪，有女友异地的，只能举头望明月，爱情对于创业者来说就是件奢侈品。</p>

<!-- more -->


<h2>感言</h2>

<p>创业了，工作忙了，一门心思都想着如何做好产品做好公司，可能一天忙下来忘了对女友嘘寒问暖，没时间陪女朋友逛逛街看看电影，时间长了，就算没有第三者插足，你们的感情也变淡了，更何况你这么忙，有人还可能趁虚而入，女朋友自然没了。</p>

<p>时间是个问题，钱也是个问题。谁敢说谈恋爱不花几分钱呢？风花雪月是要付出代价的。但创业机会成本很高，创业了，放弃了为其他公司效力的薪资，高收入没了，时不时还可能自掏腰包为公司办点事情，这么经历个几年时间，可能自己天天就那么一身破旧衣服，哪有时间给女友买包包，买衣服买饰品看电影，许多爱情往往在现实面前都选择了低头。能陪你熬过这段阴暗岁月的姑娘不多，在现实面前不低头的姑娘少之又少。</p>

<p>在此祝愿所有创业者都能找到自己的幸福，工作之余，挤出一点时间陪陪另一半，不要多，一点点就好，顺便住大家所有人七夕快乐，也祝我家那位小冤家，每天被我气个半死的“可怜”娃快乐。别生气了哈。</p>

<h2>美好愿望</h2>

<p><img src="/images/p20130813_qixi1.jpg"></p>
]]></content>
  </entry>
  
</feed>
